﻿<?xml version="1.0" encoding="UTF-8" ?>
<c2addon>
	<!-- One of: plugin, behavior, effect -->
	<type>plugin</type>
	
	<name>Photon Realtime Plugin</name>	
	<version>4.0.0.11</version>
	<author>Exit Games</author>
	<website>https://www.photonengine.com</website>
	<documentation>https://doc.photonengine.com</documentation>
	<description>The Photon Realtime Plugin allows to communicate with other clients on network through Photon Cloud or self-hosted Photon Server.</description>
</c2addon>
